0	[rates, understand, rates, calculated]	[updating, work, package, work, package, state, work, flow, adjust, hours, assigned, add, approvals, edit, information]	[]
0.22222222	[rates, understand, rates, calculated]	[know, understand, work, flow, product]	[understand]
0	[rates, understand, rates, calculated]	[work, package, uses, cms, content, ensure, impacted, topics, checked, cms, recent, version, content, available, state, work, flow]	[]
0	[rates, understand, rates, calculated]	[update, work, packages, transition, state, work, flow, adjust, hours, edit, work, package, details]	[]
0	[rates, understand, rates, calculated]	[desired, work, package, work, work, packages, tab]	[]
0	[rates, understand, rates, calculated]	[click, update]	[]
0	[rates, understand, rates, calculated]	[make, desired, changes, work, package]	[]
0	[rates, understand, rates, calculated]	[changes, include, moving, work, package, state, work, flow]	[]
0	[rates, understand, rates, calculated]	[declaring, approval, content, associated, work, package]	[]
0	[rates, understand, rates, calculated]	[adjusting, hours, spent, current, stage, work, flow]	[]
0	[rates, understand, rates, calculated]	[adding, note, work, package, information]	[]
0	[rates, understand, rates, calculated]	[approving, content, select, state, work, flow, select, approval, option]	[]
0	[rates, understand, rates, calculated]	[click, save]	[]
0	[rates, understand, rates, calculated]	[work, package, updated]	[]
0	[description, rates, displayed, various, items, cordap, dashboard, resource, usage]	[updating, work, package, work, package, state, work, flow, adjust, hours, assigned, add, approvals, edit, information]	[]
0	[description, rates, displayed, various, items, cordap, dashboard, resource, usage]	[know, understand, work, flow, product]	[]
0	[description, rates, displayed, various, items, cordap, dashboard, resource, usage]	[work, package, uses, cms, content, ensure, impacted, topics, checked, cms, recent, version, content, available, state, work, flow]	[]
0	[description, rates, displayed, various, items, cordap, dashboard, resource, usage]	[update, work, packages, transition, state, work, flow, adjust, hours, edit, work, package, details]	[]
0	[description, rates, displayed, various, items, cordap, dashboard, resource, usage]	[desired, work, package, work, work, packages, tab]	[]
0	[description, rates, displayed, various, items, cordap, dashboard, resource, usage]	[click, update]	[]
0	[description, rates, displayed, various, items, cordap, dashboard, resource, usage]	[make, desired, changes, work, package]	[]
0	[description, rates, displayed, various, items, cordap, dashboard, resource, usage]	[changes, include, moving, work, package, state, work, flow]	[]
0	[description, rates, displayed, various, items, cordap, dashboard, resource, usage]	[declaring, approval, content, associated, work, package]	[]
0	[description, rates, displayed, various, items, cordap, dashboard, resource, usage]	[adjusting, hours, spent, current, stage, work, flow]	[]
0	[description, rates, displayed, various, items, cordap, dashboard, resource, usage]	[adding, note, work, package, information]	[]
0	[description, rates, displayed, various, items, cordap, dashboard, resource, usage]	[approving, content, select, state, work, flow, select, approval, option]	[]
0	[description, rates, displayed, various, items, cordap, dashboard, resource, usage]	[click, save]	[]
0	[description, rates, displayed, various, items, cordap, dashboard, resource, usage]	[work, package, updated]	[]
0	[following, tables, descriptions, various, rates]	[updating, work, package, work, package, state, work, flow, adjust, hours, assigned, add, approvals, edit, information]	[]
0	[following, tables, descriptions, various, rates]	[know, understand, work, flow, product]	[]
0	[following, tables, descriptions, various, rates]	[work, package, uses, cms, content, ensure, impacted, topics, checked, cms, recent, version, content, available, state, work, flow]	[]
0	[following, tables, descriptions, various, rates]	[update, work, packages, transition, state, work, flow, adjust, hours, edit, work, package, details]	[]
0	[following, tables, descriptions, various, rates]	[desired, work, package, work, work, packages, tab]	[]
0	[following, tables, descriptions, various, rates]	[click, update]	[]
0	[following, tables, descriptions, various, rates]	[make, desired, changes, work, package]	[]
0	[following, tables, descriptions, various, rates]	[changes, include, moving, work, package, state, work, flow]	[]
0	[following, tables, descriptions, various, rates]	[declaring, approval, content, associated, work, package]	[]
0	[following, tables, descriptions, various, rates]	[adjusting, hours, spent, current, stage, work, flow]	[]
0	[following, tables, descriptions, various, rates]	[adding, note, work, package, information]	[]
0	[following, tables, descriptions, various, rates]	[approving, content, select, state, work, flow, select, approval, option]	[]
0	[following, tables, descriptions, various, rates]	[click, save]	[]
0	[following, tables, descriptions, various, rates]	[work, package, updated]	[]
0.06896552	[dashboard, rates, rate, description, example, release, status, indicates, overall, progress, work, packages, iterations, release]	[updating, work, package, work, package, state, work, flow, adjust, hours, assigned, add, approvals, edit, information]	[work]
0.10526316	[dashboard, rates, rate, description, example, release, status, indicates, overall, progress, work, packages, iterations, release]	[know, understand, work, flow, product]	[work]
0.06451613	[dashboard, rates, rate, description, example, release, status, indicates, overall, progress, work, packages, iterations, release]	[work, package, uses, cms, content, ensure, impacted, topics, checked, cms, recent, version, content, available, state, work, flow]	[work]
0.14814815	[dashboard, rates, rate, description, example, release, status, indicates, overall, progress, work, packages, iterations, release]	[update, work, packages, transition, state, work, flow, adjust, hours, edit, work, package, details]	[work, packages]
0.1904762	[dashboard, rates, rate, description, example, release, status, indicates, overall, progress, work, packages, iterations, release]	[desired, work, package, work, work, packages, tab]	[work, packages]
0	[dashboard, rates, rate, description, example, release, status, indicates, overall, progress, work, packages, iterations, release]	[click, update]	[]
0.10526316	[dashboard, rates, rate, description, example, release, status, indicates, overall, progress, work, packages, iterations, release]	[make, desired, changes, work, package]	[work]
0.09090909	[dashboard, rates, rate, description, example, release, status, indicates, overall, progress, work, packages, iterations, release]	[changes, include, moving, work, package, state, work, flow]	[work]
0.1	[dashboard, rates, rate, description, example, release, status, indicates, overall, progress, work, packages, iterations, release]	[declaring, approval, content, associated, work, package]	[work]
0.0952381	[dashboard, rates, rate, description, example, release, status, indicates, overall, progress, work, packages, iterations, release]	[adjusting, hours, spent, current, stage, work, flow]	[work]
0.10526316	[dashboard, rates, rate, description, example, release, status, indicates, overall, progress, work, packages, iterations, release]	[adding, note, work, package, information]	[work]
0.08695652	[dashboard, rates, rate, description, example, release, status, indicates, overall, progress, work, packages, iterations, release]	[approving, content, select, state, work, flow, select, approval, option]	[work]
0	[dashboard, rates, rate, description, example, release, status, indicates, overall, progress, work, packages, iterations, release]	[click, save]	[]
0.11764706	[dashboard, rates, rate, description, example, release, status, indicates, overall, progress, work, packages, iterations, release]	[work, package, updated]	[work]
0.06451613	[instance, wp, 3, 0, 50, hours, complete, 48, iteration, status, indicates, overall, progress, work, packages, iteration]	[updating, work, package, work, package, state, work, flow, adjust, hours, assigned, add, approvals, edit, information]	[work]
0.0952381	[instance, wp, 3, 0, 50, hours, complete, 48, iteration, status, indicates, overall, progress, work, packages, iteration]	[know, understand, work, flow, product]	[work]
0.060606062	[instance, wp, 3, 0, 50, hours, complete, 48, iteration, status, indicates, overall, progress, work, packages, iteration]	[work, package, uses, cms, content, ensure, impacted, topics, checked, cms, recent, version, content, available, state, work, flow]	[work]
0.13793103	[instance, wp, 3, 0, 50, hours, complete, 48, iteration, status, indicates, overall, progress, work, packages, iteration]	[update, work, packages, transition, state, work, flow, adjust, hours, edit, work, package, details]	[work, packages]
0.17391305	[instance, wp, 3, 0, 50, hours, complete, 48, iteration, status, indicates, overall, progress, work, packages, iteration]	[desired, work, package, work, work, packages, tab]	[work, packages]
0	[instance, wp, 3, 0, 50, hours, complete, 48, iteration, status, indicates, overall, progress, work, packages, iteration]	[click, update]	[]
0.0952381	[instance, wp, 3, 0, 50, hours, complete, 48, iteration, status, indicates, overall, progress, work, packages, iteration]	[make, desired, changes, work, package]	[work]
0.083333336	[instance, wp, 3, 0, 50, hours, complete, 48, iteration, status, indicates, overall, progress, work, packages, iteration]	[changes, include, moving, work, package, state, work, flow]	[work]
0.09090909	[instance, wp, 3, 0, 50, hours, complete, 48, iteration, status, indicates, overall, progress, work, packages, iteration]	[declaring, approval, content, associated, work, package]	[work]
0.17391305	[instance, wp, 3, 0, 50, hours, complete, 48, iteration, status, indicates, overall, progress, work, packages, iteration]	[adjusting, hours, spent, current, stage, work, flow]	[hours, work]
0.0952381	[instance, wp, 3, 0, 50, hours, complete, 48, iteration, status, indicates, overall, progress, work, packages, iteration]	[adding, note, work, package, information]	[work]
0.08	[instance, wp, 3, 0, 50, hours, complete, 48, iteration, status, indicates, overall, progress, work, packages, iteration]	[approving, content, select, state, work, flow, select, approval, option]	[work]
0	[instance, wp, 3, 0, 50, hours, complete, 48, iteration, status, indicates, overall, progress, work, packages, iteration]	[click, save]	[]
0.10526316	[instance, wp, 3, 0, 50, hours, complete, 48, iteration, status, indicates, overall, progress, work, packages, iteration]	[work, package, updated]	[work]
0.1904762	[instance, wp, 1, 70, 100, hours, complete, wp, 2, 50, 100, hours, complete, 60, work, package, indicates, progress, based, number, hours, completed, number, hours, remaining, work, package]	[updating, work, package, work, package, state, work, flow, adjust, hours, assigned, add, approvals, edit, information]	[work, package, work, package]
0.0625	[instance, wp, 1, 70, 100, hours, complete, wp, 2, 50, 100, hours, complete, 60, work, package, indicates, progress, based, number, hours, completed, number, hours, remaining, work, package]	[know, understand, work, flow, product]	[work]
0.13636364	[instance, wp, 1, 70, 100, hours, complete, wp, 2, 50, 100, hours, complete, 60, work, package, indicates, progress, based, number, hours, completed, number, hours, remaining, work, package]	[work, package, uses, cms, content, ensure, impacted, topics, checked, cms, recent, version, content, available, state, work, flow]	[work, package, work]
0.2	[instance, wp, 1, 70, 100, hours, complete, wp, 2, 50, 100, hours, complete, 60, work, package, indicates, progress, based, number, hours, completed, number, hours, remaining, work, package]	[update, work, packages, transition, state, work, flow, adjust, hours, edit, work, package, details]	[work, hours, work, package]
0.1764706	[instance, wp, 1, 70, 100, hours, complete, wp, 2, 50, 100, hours, complete, 60, work, package, indicates, progress, based, number, hours, completed, number, hours, remaining, work, package]	[desired, work, package, work, work, packages, tab]	[work, package, work]
0	[instance, wp, 1, 70, 100, hours, complete, wp, 2, 50, 100, hours, complete, 60, work, package, indicates, progress, based, number, hours, completed, number, hours, remaining, work, package]	[click, update]	[]
0.125	[instance, wp, 1, 70, 100, hours, complete, wp, 2, 50, 100, hours, complete, 60, work, package, indicates, progress, based, number, hours, completed, number, hours, remaining, work, package]	[make, desired, changes, work, package]	[work, package]
0.17142858	[instance, wp, 1, 70, 100, hours, complete, wp, 2, 50, 100, hours, complete, 60, work, package, indicates, progress, based, number, hours, completed, number, hours, remaining, work, package]	[changes, include, moving, work, package, state, work, flow]	[work, package, work]
0.121212125	[instance, wp, 1, 70, 100, hours, complete, wp, 2, 50, 100, hours, complete, 60, work, package, indicates, progress, based, number, hours, completed, number, hours, remaining, work, package]	[declaring, approval, content, associated, work, package]	[work, package]
0.11764706	[instance, wp, 1, 70, 100, hours, complete, wp, 2, 50, 100, hours, complete, 60, work, package, indicates, progress, based, number, hours, completed, number, hours, remaining, work, package]	[adjusting, hours, spent, current, stage, work, flow]	[hours, work]
0.125	[instance, wp, 1, 70, 100, hours, complete, wp, 2, 50, 100, hours, complete, 60, work, package, indicates, progress, based, number, hours, completed, number, hours, remaining, work, package]	[adding, note, work, package, information]	[work, package]
0.055555556	[instance, wp, 1, 70, 100, hours, complete, wp, 2, 50, 100, hours, complete, 60, work, package, indicates, progress, based, number, hours, completed, number, hours, remaining, work, package]	[approving, content, select, state, work, flow, select, approval, option]	[work]
0	[instance, wp, 1, 70, 100, hours, complete, wp, 2, 50, 100, hours, complete, 60, work, package, indicates, progress, based, number, hours, completed, number, hours, remaining, work, package]	[click, save]	[]
0.13333334	[instance, wp, 1, 70, 100, hours, complete, wp, 2, 50, 100, hours, complete, 60, work, package, indicates, progress, based, number, hours, completed, number, hours, remaining, work, package]	[work, package, updated]	[work, package]
0.083333336	[70, deliverable, indicates, overall, progress, work, packages, associated, deliverable]	[updating, work, package, work, package, state, work, flow, adjust, hours, assigned, add, approvals, edit, information]	[work]
0.14285715	[70, deliverable, indicates, overall, progress, work, packages, associated, deliverable]	[know, understand, work, flow, product]	[work]
0.07692308	[70, deliverable, indicates, overall, progress, work, packages, associated, deliverable]	[work, package, uses, cms, content, ensure, impacted, topics, checked, cms, recent, version, content, available, state, work, flow]	[work]
0.18181819	[70, deliverable, indicates, overall, progress, work, packages, associated, deliverable]	[update, work, packages, transition, state, work, flow, adjust, hours, edit, work, package, details]	[work, packages]
0.25	[70, deliverable, indicates, overall, progress, work, packages, associated, deliverable]	[desired, work, package, work, work, packages, tab]	[work, packages]
0	[70, deliverable, indicates, overall, progress, work, packages, associated, deliverable]	[click, update]	[]
0.14285715	[70, deliverable, indicates, overall, progress, work, packages, associated, deliverable]	[make, desired, changes, work, package]	[work]
0.11764706	[70, deliverable, indicates, overall, progress, work, packages, associated, deliverable]	[changes, include, moving, work, package, state, work, flow]	[work]
0.13333334	[70, deliverable, indicates, overall, progress, work, packages, associated, deliverable]	[declaring, approval, content, associated, work, package]	[associated]
0.125	[70, deliverable, indicates, overall, progress, work, packages, associated, deliverable]	[adjusting, hours, spent, current, stage, work, flow]	[work]
0.14285715	[70, deliverable, indicates, overall, progress, work, packages, associated, deliverable]	[adding, note, work, package, information]	[work]
0.11111111	[70, deliverable, indicates, overall, progress, work, packages, associated, deliverable]	[approving, content, select, state, work, flow, select, approval, option]	[work]
0	[70, deliverable, indicates, overall, progress, work, packages, associated, deliverable]	[click, save]	[]
0.16666667	[70, deliverable, indicates, overall, progress, work, packages, associated, deliverable]	[work, package, updated]	[work]
0.09756097	[instance, wp, 1, 70, 100, hours, complete, wp, 3, 0, 50, hours, complete, 47, resource, usage, rates, rate, description, example, resource, shows, work, release, assigned, resource]	[updating, work, package, work, package, state, work, flow, adjust, hours, assigned, add, approvals, edit, information]	[work, assigned]
0.06451613	[instance, wp, 1, 70, 100, hours, complete, wp, 3, 0, 50, hours, complete, 47, resource, usage, rates, rate, description, example, resource, shows, work, release, assigned, resource]	[know, understand, work, flow, product]	[work]
0.046511628	[instance, wp, 1, 70, 100, hours, complete, wp, 3, 0, 50, hours, complete, 47, resource, usage, rates, rate, description, example, resource, shows, work, release, assigned, resource]	[work, package, uses, cms, content, ensure, impacted, topics, checked, cms, recent, version, content, available, state, work, flow]	[work]
0.102564104	[instance, wp, 1, 70, 100, hours, complete, wp, 3, 0, 50, hours, complete, 47, resource, usage, rates, rate, description, example, resource, shows, work, release, assigned, resource]	[update, work, packages, transition, state, work, flow, adjust, hours, edit, work, package, details]	[hours, work]
0.060606062	[instance, wp, 1, 70, 100, hours, complete, wp, 3, 0, 50, hours, complete, 47, resource, usage, rates, rate, description, example, resource, shows, work, release, assigned, resource]	[desired, work, package, work, work, packages, tab]	[work]
0	[instance, wp, 1, 70, 100, hours, complete, wp, 3, 0, 50, hours, complete, 47, resource, usage, rates, rate, description, example, resource, shows, work, release, assigned, resource]	[click, update]	[]
0.06451613	[instance, wp, 1, 70, 100, hours, complete, wp, 3, 0, 50, hours, complete, 47, resource, usage, rates, rate, description, example, resource, shows, work, release, assigned, resource]	[make, desired, changes, work, package]	[work]
0.05882353	[instance, wp, 1, 70, 100, hours, complete, wp, 3, 0, 50, hours, complete, 47, resource, usage, rates, rate, description, example, resource, shows, work, release, assigned, resource]	[changes, include, moving, work, package, state, work, flow]	[work]
0.0625	[instance, wp, 1, 70, 100, hours, complete, wp, 3, 0, 50, hours, complete, 47, resource, usage, rates, rate, description, example, resource, shows, work, release, assigned, resource]	[declaring, approval, content, associated, work, package]	[work]
0.121212125	[instance, wp, 1, 70, 100, hours, complete, wp, 3, 0, 50, hours, complete, 47, resource, usage, rates, rate, description, example, resource, shows, work, release, assigned, resource]	[adjusting, hours, spent, current, stage, work, flow]	[hours, work]
0.06451613	[instance, wp, 1, 70, 100, hours, complete, wp, 3, 0, 50, hours, complete, 47, resource, usage, rates, rate, description, example, resource, shows, work, release, assigned, resource]	[adding, note, work, package, information]	[work]
0.057142857	[instance, wp, 1, 70, 100, hours, complete, wp, 3, 0, 50, hours, complete, 47, resource, usage, rates, rate, description, example, resource, shows, work, release, assigned, resource]	[approving, content, select, state, work, flow, select, approval, option]	[work]
0	[instance, wp, 1, 70, 100, hours, complete, wp, 3, 0, 50, hours, complete, 47, resource, usage, rates, rate, description, example, resource, shows, work, release, assigned, resource]	[click, save]	[]
0.06896552	[instance, wp, 1, 70, 100, hours, complete, wp, 3, 0, 50, hours, complete, 47, resource, usage, rates, rate, description, example, resource, shows, work, release, assigned, resource]	[work, package, updated]	[work]
0.17391305	[calculated, using, release, hours, information, release, resource, used]	[updating, work, package, work, package, state, work, flow, adjust, hours, assigned, add, approvals, edit, information]	[hours, information]
0	[calculated, using, release, hours, information, release, resource, used]	[know, understand, work, flow, product]	[]
0	[calculated, using, release, hours, information, release, resource, used]	[work, package, uses, cms, content, ensure, impacted, topics, checked, cms, recent, version, content, available, state, work, flow]	[]
0.0952381	[calculated, using, release, hours, information, release, resource, used]	[update, work, packages, transition, state, work, flow, adjust, hours, edit, work, package, details]	[hours]
0	[calculated, using, release, hours, information, release, resource, used]	[desired, work, package, work, work, packages, tab]	[]
0	[calculated, using, release, hours, information, release, resource, used]	[click, update]	[]
0	[calculated, using, release, hours, information, release, resource, used]	[make, desired, changes, work, package]	[]
0	[calculated, using, release, hours, information, release, resource, used]	[changes, include, moving, work, package, state, work, flow]	[]
0	[calculated, using, release, hours, information, release, resource, used]	[declaring, approval, content, associated, work, package]	[]
0.13333334	[calculated, using, release, hours, information, release, resource, used]	[adjusting, hours, spent, current, stage, work, flow]	[hours]
0.15384616	[calculated, using, release, hours, information, release, resource, used]	[adding, note, work, package, information]	[information]
0	[calculated, using, release, hours, information, release, resource, used]	[approving, content, select, state, work, flow, select, approval, option]	[]
0	[calculated, using, release, hours, information, release, resource, used]	[click, save]	[]
0	[calculated, using, release, hours, information, release, resource, used]	[work, package, updated]	[]
0.11111111	[instance, release, 1, 100, 500, hours, 20, release, 2, 300, 500, hours, 60, 40, release, hours, shows, release, work, assigned, resource]	[updating, work, package, work, package, state, work, flow, adjust, hours, assigned, add, approvals, edit, information]	[work, assigned]
0.07692308	[instance, release, 1, 100, 500, hours, 20, release, 2, 300, 500, hours, 60, 40, release, hours, shows, release, work, assigned, resource]	[know, understand, work, flow, product]	[work]
0.05263158	[instance, release, 1, 100, 500, hours, 20, release, 2, 300, 500, hours, 60, 40, release, hours, shows, release, work, assigned, resource]	[work, package, uses, cms, content, ensure, impacted, topics, checked, cms, recent, version, content, available, state, work, flow]	[work]
0.11764706	[instance, release, 1, 100, 500, hours, 20, release, 2, 300, 500, hours, 60, 40, release, hours, shows, release, work, assigned, resource]	[update, work, packages, transition, state, work, flow, adjust, hours, edit, work, package, details]	[hours, work]
0.071428575	[instance, release, 1, 100, 500, hours, 20, release, 2, 300, 500, hours, 60, 40, release, hours, shows, release, work, assigned, resource]	[desired, work, package, work, work, packages, tab]	[work]
0	[instance, release, 1, 100, 500, hours, 20, release, 2, 300, 500, hours, 60, 40, release, hours, shows, release, work, assigned, resource]	[click, update]	[]
0.07692308	[instance, release, 1, 100, 500, hours, 20, release, 2, 300, 500, hours, 60, 40, release, hours, shows, release, work, assigned, resource]	[make, desired, changes, work, package]	[work]
0.06896552	[instance, release, 1, 100, 500, hours, 20, release, 2, 300, 500, hours, 60, 40, release, hours, shows, release, work, assigned, resource]	[changes, include, moving, work, package, state, work, flow]	[work]
0.074074075	[instance, release, 1, 100, 500, hours, 20, release, 2, 300, 500, hours, 60, 40, release, hours, shows, release, work, assigned, resource]	[declaring, approval, content, associated, work, package]	[work]
0.14285715	[instance, release, 1, 100, 500, hours, 20, release, 2, 300, 500, hours, 60, 40, release, hours, shows, release, work, assigned, resource]	[adjusting, hours, spent, current, stage, work, flow]	[hours, work]
0.07692308	[instance, release, 1, 100, 500, hours, 20, release, 2, 300, 500, hours, 60, 40, release, hours, shows, release, work, assigned, resource]	[adding, note, work, package, information]	[work]
0.06666667	[instance, release, 1, 100, 500, hours, 20, release, 2, 300, 500, hours, 60, 40, release, hours, shows, release, work, assigned, resource]	[approving, content, select, state, work, flow, select, approval, option]	[work]
0	[instance, release, 1, 100, 500, hours, 20, release, 2, 300, 500, hours, 60, 40, release, hours, shows, release, work, assigned, resource]	[click, save]	[]
0.083333336	[instance, release, 1, 100, 500, hours, 20, release, 2, 300, 500, hours, 60, 40, release, hours, shows, release, work, assigned, resource]	[work, package, updated]	[work]
0.071428575	[calculated, using, number, assigned, hours, resource, compared, number, planned, hours, work, packages, release]	[updating, work, package, work, package, state, work, flow, adjust, hours, assigned, add, approvals, edit, information]	[work]
0.11111111	[calculated, using, number, assigned, hours, resource, compared, number, planned, hours, work, packages, release]	[know, understand, work, flow, product]	[work]
0.06666667	[calculated, using, number, assigned, hours, resource, compared, number, planned, hours, work, packages, release]	[work, package, uses, cms, content, ensure, impacted, topics, checked, cms, recent, version, content, available, state, work, flow]	[work]
0.15384616	[calculated, using, number, assigned, hours, resource, compared, number, planned, hours, work, packages, release]	[update, work, packages, transition, state, work, flow, adjust, hours, edit, work, package, details]	[work, packages]
0.2	[calculated, using, number, assigned, hours, resource, compared, number, planned, hours, work, packages, release]	[desired, work, package, work, work, packages, tab]	[work, packages]
0	[calculated, using, number, assigned, hours, resource, compared, number, planned, hours, work, packages, release]	[click, update]	[]
0.11111111	[calculated, using, number, assigned, hours, resource, compared, number, planned, hours, work, packages, release]	[make, desired, changes, work, package]	[work]
0.0952381	[calculated, using, number, assigned, hours, resource, compared, number, planned, hours, work, packages, release]	[changes, include, moving, work, package, state, work, flow]	[work]
0.10526316	[calculated, using, number, assigned, hours, resource, compared, number, planned, hours, work, packages, release]	[declaring, approval, content, associated, work, package]	[work]
0.2	[calculated, using, number, assigned, hours, resource, compared, number, planned, hours, work, packages, release]	[adjusting, hours, spent, current, stage, work, flow]	[hours, work]
0.11111111	[calculated, using, number, assigned, hours, resource, compared, number, planned, hours, work, packages, release]	[adding, note, work, package, information]	[work]
0.09090909	[calculated, using, number, assigned, hours, resource, compared, number, planned, hours, work, packages, release]	[approving, content, select, state, work, flow, select, approval, option]	[work]
0	[calculated, using, number, assigned, hours, resource, compared, number, planned, hours, work, packages, release]	[click, save]	[]
0.125	[calculated, using, number, assigned, hours, resource, compared, number, planned, hours, work, packages, release]	[work, package, updated]	[work]
0.15384616	[100, 500, 20, progress, shows, total, progress, resource, work, package, assignments]	[updating, work, package, work, package, state, work, flow, adjust, hours, assigned, add, approvals, edit, information]	[work, package]
0.125	[100, 500, 20, progress, shows, total, progress, resource, work, package, assignments]	[know, understand, work, flow, product]	[work]
0.14285715	[100, 500, 20, progress, shows, total, progress, resource, work, package, assignments]	[work, package, uses, cms, content, ensure, impacted, topics, checked, cms, recent, version, content, available, state, work, flow]	[work, package]
0.16666667	[100, 500, 20, progress, shows, total, progress, resource, work, package, assignments]	[update, work, packages, transition, state, work, flow, adjust, hours, edit, work, package, details]	[work, package]
0.22222222	[100, 500, 20, progress, shows, total, progress, resource, work, package, assignments]	[desired, work, package, work, work, packages, tab]	[work, package]
0	[100, 500, 20, progress, shows, total, progress, resource, work, package, assignments]	[click, update]	[]
0.25	[100, 500, 20, progress, shows, total, progress, resource, work, package, assignments]	[make, desired, changes, work, package]	[work, package]
0.21052632	[100, 500, 20, progress, shows, total, progress, resource, work, package, assignments]	[changes, include, moving, work, package, state, work, flow]	[work, package]
0.23529412	[100, 500, 20, progress, shows, total, progress, resource, work, package, assignments]	[declaring, approval, content, associated, work, package]	[work, package]
0.11111111	[100, 500, 20, progress, shows, total, progress, resource, work, package, assignments]	[adjusting, hours, spent, current, stage, work, flow]	[work]
0.25	[100, 500, 20, progress, shows, total, progress, resource, work, package, assignments]	[adding, note, work, package, information]	[work, package]
0.1	[100, 500, 20, progress, shows, total, progress, resource, work, package, assignments]	[approving, content, select, state, work, flow, select, approval, option]	[work]
0	[100, 500, 20, progress, shows, total, progress, resource, work, package, assignments]	[click, save]	[]
0.2857143	[100, 500, 20, progress, shows, total, progress, resource, work, package, assignments]	[work, package, updated]	[work, package]
0.14814815	[calculated, using, number, actual, hours, compared, sum, actual, remaining, hours, assigned, work]	[updating, work, package, work, package, state, work, flow, adjust, hours, assigned, add, approvals, edit, information]	[hours, assigned]
0.11764706	[calculated, using, number, actual, hours, compared, sum, actual, remaining, hours, assigned, work]	[know, understand, work, flow, product]	[work]
0.06896552	[calculated, using, number, actual, hours, compared, sum, actual, remaining, hours, assigned, work]	[work, package, uses, cms, content, ensure, impacted, topics, checked, cms, recent, version, content, available, state, work, flow]	[work]
0.16	[calculated, using, number, actual, hours, compared, sum, actual, remaining, hours, assigned, work]	[update, work, packages, transition, state, work, flow, adjust, hours, edit, work, package, details]	[hours, work]
0.10526316	[calculated, using, number, actual, hours, compared, sum, actual, remaining, hours, assigned, work]	[desired, work, package, work, work, packages, tab]	[work]
0	[calculated, using, number, actual, hours, compared, sum, actual, remaining, hours, assigned, work]	[click, update]	[]
0.11764706	[calculated, using, number, actual, hours, compared, sum, actual, remaining, hours, assigned, work]	[make, desired, changes, work, package]	[work]
0.1	[calculated, using, number, actual, hours, compared, sum, actual, remaining, hours, assigned, work]	[changes, include, moving, work, package, state, work, flow]	[work]
0.11111111	[calculated, using, number, actual, hours, compared, sum, actual, remaining, hours, assigned, work]	[declaring, approval, content, associated, work, package]	[work]
0.21052632	[calculated, using, number, actual, hours, compared, sum, actual, remaining, hours, assigned, work]	[adjusting, hours, spent, current, stage, work, flow]	[hours, work]
0.11764706	[calculated, using, number, actual, hours, compared, sum, actual, remaining, hours, assigned, work]	[adding, note, work, package, information]	[work]
0.0952381	[calculated, using, number, actual, hours, compared, sum, actual, remaining, hours, assigned, work]	[approving, content, select, state, work, flow, select, approval, option]	[work]
0	[calculated, using, number, actual, hours, compared, sum, actual, remaining, hours, assigned, work]	[click, save]	[]
0.13333334	[calculated, using, number, actual, hours, compared, sum, actual, remaining, hours, assigned, work]	[work, package, updated]	[work]
0.23076923	[75, 100, 75, work, remaining, number, assigned, work, hours, left, complete]	[updating, work, package, work, package, state, work, flow, adjust, hours, assigned, add, approvals, edit, information]	[work, work, hours]
0.125	[75, 100, 75, work, remaining, number, assigned, work, hours, left, complete]	[know, understand, work, flow, product]	[work]
0.14285715	[75, 100, 75, work, remaining, number, assigned, work, hours, left, complete]	[work, package, uses, cms, content, ensure, impacted, topics, checked, cms, recent, version, content, available, state, work, flow]	[work, work]
0.25	[75, 100, 75, work, remaining, number, assigned, work, hours, left, complete]	[update, work, packages, transition, state, work, flow, adjust, hours, edit, work, package, details]	[work, work, hours]
0.22222222	[75, 100, 75, work, remaining, number, assigned, work, hours, left, complete]	[desired, work, package, work, work, packages, tab]	[work, work]
0	[75, 100, 75, work, remaining, number, assigned, work, hours, left, complete]	[click, update]	[]
0.125	[75, 100, 75, work, remaining, number, assigned, work, hours, left, complete]	[make, desired, changes, work, package]	[work]
0.21052632	[75, 100, 75, work, remaining, number, assigned, work, hours, left, complete]	[changes, include, moving, work, package, state, work, flow]	[work, work]
0.11764706	[75, 100, 75, work, remaining, number, assigned, work, hours, left, complete]	[declaring, approval, content, associated, work, package]	[work]
0.11111111	[75, 100, 75, work, remaining, number, assigned, work, hours, left, complete]	[adjusting, hours, spent, current, stage, work, flow]	[hours]
0.125	[75, 100, 75, work, remaining, number, assigned, work, hours, left, complete]	[adding, note, work, package, information]	[work]
0.1	[75, 100, 75, work, remaining, number, assigned, work, hours, left, complete]	[approving, content, select, state, work, flow, select, approval, option]	[work]
0	[75, 100, 75, work, remaining, number, assigned, work, hours, left, complete]	[click, save]	[]
0.14285715	[75, 100, 75, work, remaining, number, assigned, work, hours, left, complete]	[work, package, updated]	[work]
0.17391305	[calculated, using, number, remaining, hours, assigned, work, packages]	[updating, work, package, work, package, state, work, flow, adjust, hours, assigned, add, approvals, edit, information]	[hours, assigned]
0.15384616	[calculated, using, number, remaining, hours, assigned, work, packages]	[know, understand, work, flow, product]	[work]
0.08	[calculated, using, number, remaining, hours, assigned, work, packages]	[work, package, uses, cms, content, ensure, impacted, topics, checked, cms, recent, version, content, available, state, work, flow]	[work]
0.1904762	[calculated, using, number, remaining, hours, assigned, work, packages]	[update, work, packages, transition, state, work, flow, adjust, hours, edit, work, package, details]	[work, packages]
0.26666668	[calculated, using, number, remaining, hours, assigned, work, packages]	[desired, work, package, work, work, packages, tab]	[work, packages]
0	[calculated, using, number, remaining, hours, assigned, work, packages]	[click, update]	[]
0.15384616	[calculated, using, number, remaining, hours, assigned, work, packages]	[make, desired, changes, work, package]	[work]
0.125	[calculated, using, number, remaining, hours, assigned, work, packages]	[changes, include, moving, work, package, state, work, flow]	[work]
0.14285715	[calculated, using, number, remaining, hours, assigned, work, packages]	[declaring, approval, content, associated, work, package]	[work]
0.26666668	[calculated, using, number, remaining, hours, assigned, work, packages]	[adjusting, hours, spent, current, stage, work, flow]	[hours, work]
0.15384616	[calculated, using, number, remaining, hours, assigned, work, packages]	[adding, note, work, package, information]	[work]
0.11764706	[calculated, using, number, remaining, hours, assigned, work, packages]	[approving, content, select, state, work, flow, select, approval, option]	[work]
0	[calculated, using, number, remaining, hours, assigned, work, packages]	[click, save]	[]
0.18181819	[calculated, using, number, remaining, hours, assigned, work, packages]	[work, package, updated]	[work]
0	[25, allocation, indicates, resources, time, used, meet, assignment, dates, identified, product, release]	[updating, work, package, work, package, state, work, flow, adjust, hours, assigned, add, approvals, edit, information]	[]
0.11764706	[25, allocation, indicates, resources, time, used, meet, assignment, dates, identified, product, release]	[know, understand, work, flow, product]	[product]
0	[25, allocation, indicates, resources, time, used, meet, assignment, dates, identified, product, release]	[work, package, uses, cms, content, ensure, impacted, topics, checked, cms, recent, version, content, available, state, work, flow]	[]
0	[25, allocation, indicates, resources, time, used, meet, assignment, dates, identified, product, release]	[update, work, packages, transition, state, work, flow, adjust, hours, edit, work, package, details]	[]
0	[25, allocation, indicates, resources, time, used, meet, assignment, dates, identified, product, release]	[desired, work, package, work, work, packages, tab]	[]
0	[25, allocation, indicates, resources, time, used, meet, assignment, dates, identified, product, release]	[click, update]	[]
0	[25, allocation, indicates, resources, time, used, meet, assignment, dates, identified, product, release]	[make, desired, changes, work, package]	[]
0	[25, allocation, indicates, resources, time, used, meet, assignment, dates, identified, product, release]	[changes, include, moving, work, package, state, work, flow]	[]
0	[25, allocation, indicates, resources, time, used, meet, assignment, dates, identified, product, release]	[declaring, approval, content, associated, work, package]	[]
0	[25, allocation, indicates, resources, time, used, meet, assignment, dates, identified, product, release]	[adjusting, hours, spent, current, stage, work, flow]	[]
0	[25, allocation, indicates, resources, time, used, meet, assignment, dates, identified, product, release]	[adding, note, work, package, information]	[]
0	[25, allocation, indicates, resources, time, used, meet, assignment, dates, identified, product, release]	[approving, content, select, state, work, flow, select, approval, option]	[]
0	[25, allocation, indicates, resources, time, used, meet, assignment, dates, identified, product, release]	[click, save]	[]
0	[25, allocation, indicates, resources, time, used, meet, assignment, dates, identified, product, release]	[work, package, updated]	[]
0.21428572	[calculated, using, number, remaining, hours, work, package, number, working, hours, due, doing, assignment]	[updating, work, package, work, package, state, work, flow, adjust, hours, assigned, add, approvals, edit, information]	[work, package, hours]
0.11111111	[calculated, using, number, remaining, hours, work, package, number, working, hours, due, doing, assignment]	[know, understand, work, flow, product]	[work]
0.13333334	[calculated, using, number, remaining, hours, work, package, number, working, hours, due, doing, assignment]	[work, package, uses, cms, content, ensure, impacted, topics, checked, cms, recent, version, content, available, state, work, flow]	[work, package]
0.23076923	[calculated, using, number, remaining, hours, work, package, number, working, hours, due, doing, assignment]	[update, work, packages, transition, state, work, flow, adjust, hours, edit, work, package, details]	[hours, work, package]
0.2	[calculated, using, number, remaining, hours, work, package, number, working, hours, due, doing, assignment]	[desired, work, package, work, work, packages, tab]	[work, package]
0	[calculated, using, number, remaining, hours, work, package, number, working, hours, due, doing, assignment]	[click, update]	[]
0.22222222	[calculated, using, number, remaining, hours, work, package, number, working, hours, due, doing, assignment]	[make, desired, changes, work, package]	[work, package]
0.1904762	[calculated, using, number, remaining, hours, work, package, number, working, hours, due, doing, assignment]	[changes, include, moving, work, package, state, work, flow]	[work, package]
0.21052632	[calculated, using, number, remaining, hours, work, package, number, working, hours, due, doing, assignment]	[declaring, approval, content, associated, work, package]	[work, package]
0.2	[calculated, using, number, remaining, hours, work, package, number, working, hours, due, doing, assignment]	[adjusting, hours, spent, current, stage, work, flow]	[hours, work]
0.22222222	[calculated, using, number, remaining, hours, work, package, number, working, hours, due, doing, assignment]	[adding, note, work, package, information]	[work, package]
0.09090909	[calculated, using, number, remaining, hours, work, package, number, working, hours, due, doing, assignment]	[approving, content, select, state, work, flow, select, approval, option]	[work]
0	[calculated, using, number, remaining, hours, work, package, number, working, hours, due, doing, assignment]	[click, save]	[]
0.25	[calculated, using, number, remaining, hours, work, package, number, working, hours, due, doing, assignment]	[work, package, updated]	[work, package]
0	[indicates, resources, time, used, meet, assignment, dates, assignments, regardless, product, release]	[updating, work, package, work, package, state, work, flow, adjust, hours, assigned, add, approvals, edit, information]	[]
0.125	[indicates, resources, time, used, meet, assignment, dates, assignments, regardless, product, release]	[know, understand, work, flow, product]	[product]
0	[indicates, resources, time, used, meet, assignment, dates, assignments, regardless, product, release]	[work, package, uses, cms, content, ensure, impacted, topics, checked, cms, recent, version, content, available, state, work, flow]	[]
0	[indicates, resources, time, used, meet, assignment, dates, assignments, regardless, product, release]	[update, work, packages, transition, state, work, flow, adjust, hours, edit, work, package, details]	[]
0	[indicates, resources, time, used, meet, assignment, dates, assignments, regardless, product, release]	[desired, work, package, work, work, packages, tab]	[]
0	[indicates, resources, time, used, meet, assignment, dates, assignments, regardless, product, release]	[click, update]	[]
0	[indicates, resources, time, used, meet, assignment, dates, assignments, regardless, product, release]	[make, desired, changes, work, package]	[]
0	[indicates, resources, time, used, meet, assignment, dates, assignments, regardless, product, release]	[changes, include, moving, work, package, state, work, flow]	[]
0	[indicates, resources, time, used, meet, assignment, dates, assignments, regardless, product, release]	[declaring, approval, content, associated, work, package]	[]
0	[indicates, resources, time, used, meet, assignment, dates, assignments, regardless, product, release]	[adjusting, hours, spent, current, stage, work, flow]	[]
0	[indicates, resources, time, used, meet, assignment, dates, assignments, regardless, product, release]	[adding, note, work, package, information]	[]
0	[indicates, resources, time, used, meet, assignment, dates, assignments, regardless, product, release]	[approving, content, select, state, work, flow, select, approval, option]	[]
0	[indicates, resources, time, used, meet, assignment, dates, assignments, regardless, product, release]	[click, save]	[]
0	[indicates, resources, time, used, meet, assignment, dates, assignments, regardless, product, release]	[work, package, updated]	[]
